configuration,role_replacement,tp,necessary,tp_rate,fp,not_necessary,fp_rate
tensor/mean|none|min_dropx0.5,ALTERNATIVE,841,942,0.8928,216,8840,0.0244
tensor/mean|none|min_dropx1.5,ALTERNATIVE,408,942,0.4331,72,8840,0.0081
tensor/mean|none|recorded,ALTERNATIVE,645,942,0.6847,116,8840,0.0131
tensor/resample|count|min_dropx0.5,PRIMARY,6,431,0.0139,2,7390,0.0003
tensor/resample|count|min_dropx1.5,PRIMARY,4,431,0.0093,0,7390,0.0
tensor/resample|count|recorded,PRIMARY,6,431,0.0139,0,7399,0.0
tensor/resample|none|min_dropx0.5,PRIMARY,942,942,1.0,266,8831,0.0301
tensor/resample|none|min_dropx1.5,PRIMARY,898,942,0.9533,0,8831,0.0
tensor/resample|none|recorded,PRIMARY,942,942,1.0,0,8840,0.0
zero|none|min_dropx0.5,STRESS_TEST,922,942,0.9788,1799,8840,0.2035
zero|none|min_dropx1.5,STRESS_TEST,340,942,0.3609,847,8840,0.0958
zero|none|recorded,STRESS_TEST,659,942,0.6996,1150,8840,0.1301
