case,task,reliable,clean_agreement,tp,fn,tn,fp,other,ambiguous,selection_tn,selection_fp,selection_tp,selection_fn,note
2,Reverse the input sequence.,True,1.0,38,0,762,0,0,0,122,0,38,0,
11,Counts the number of words in a sequence based on their length.,True,1.0,72,0,328,0,0,0,44,0,36,0,
14,Returns the count of 'a' in the input sequence.,True,1.0,62,0,338,0,0,0,49,0,31,0,
21,Extract unique tokens from a string,True,0.9950000047683716,30,0,753,0,0,17,135,0,22,0,
25,Normalizes token frequencies in a sequence to a range between 0 and 1.,True,1.0,96,0,304,0,0,0,67,0,13,0,
44,Replaces each element with the number of elements greater than it in the sequence,True,1.0,66,0,334,0,0,0,62,0,18,0,
45,Doubles the first half of the sequence,True,1.0,35,0,565,0,0,0,120,0,0,0,
58,Mirrors the first half of the sequence to the second half.,True,1.0,36,0,563,0,0,1,84,0,36,0,
63,Replaces each element with the number of elements less than it in the sequence.,True,1.0,72,0,328,0,0,0,47,0,33,0,
67,Multiply each element of the sequence by the length of the sequence.,True,1.0,35,0,365,0,0,0,80,0,0,0,
71,Divide each element by the length of the sequence,True,1.0,35,0,365,0,0,0,80,0,0,0,
82,Halve the elements in the second half of the sequence.,True,1.0,35,0,765,0,0,0,160,0,0,0,
93,Swaps the nth with the n+1th element if n%2==1.,True,1.0,37,0,563,0,0,0,83,0,37,0,
103,Swap consecutive numbers in a list,True,1.0,35,0,565,0,0,0,85,0,35,0,
110,"Inserts zeros between each element, removing the latter half of the list.",True,1.0,74,0,317,0,9,0,46,0,34,0,
111,Returns the last element of the sequence and pads the rest with zeros.,True,1.0,0,0,600,0,0,0,120,0,0,0,
124,Check if all elements in a list are equal.,True,1.0,80,0,520,0,0,0,93,0,27,0,DV-1
129,Checks if all elements are a multiple of n (set the default at 2).,True,1.0,104,0,496,0,0,0,94,0,26,0,
