site,quantity,k,n,estimate,wilson_low,wilson_high
A/input,IG_necessary,8,51,0.1568627450980392,0.08169223220048707,0.2801044677298776
A/input,R_necessary,1,51,0.0196078431372549,0.0034696926410608467,0.10304568726144969
A/input,IG supported with alternative_reverses,8,8,1.0,0.67559243511612,1.0
A/input,IG configuration-level disagreement,48,51,0.9411764705882353,0.8407537395119957,0.9797933605775353
A/net.1,IG_necessary,4,51,0.0784313725490196,0.03092219678848919,0.18499946312595883
A/net.1,R_necessary,0,51,0.0,0.0,0.07004661989853138
A/net.1,IG supported with alternative_reverses,2,4,0.5,0.15003898915214958,0.8499610108478504
A/net.1,IG configuration-level disagreement,41,51,0.803921568627451,0.6754192051863439,0.889846574875333
B/pixels,IG_necessary,14,60,0.23333333333333334,0.1443956173664283,0.3543627037760195
B/pixels,R_necessary,1,60,0.016666666666666666,0.0029481597947862495,0.08855129727590058
B/pixels,IG supported with alternative_reverses,13,14,0.9285714285714286,0.6853129557584889,0.987277784752109
B/pixels,IG configuration-level disagreement,54,60,0.9,0.7985053527602123,0.9533571655261158
B/relu2,IG_necessary,1,60,0.016666666666666666,0.0029481597947862495,0.08855129727590058
B/relu2,R_necessary,0,60,0.0,0.0,0.06017185214208982
B/relu2,IG supported with alternative_reverses,1,1,1.0,0.2065493143772375,1.0
B/relu2,IG configuration-level disagreement,34,60,0.5666666666666667,0.4410343877612557,0.6842760319531322
C/tokens,IG_necessary,14,40,0.35,0.22134528873176296,0.504941191627423
C/tokens,R_necessary,0,40,0.0,0.0,0.0876216011972866
C/tokens,IG supported with alternative_reverses,14,14,1.0,0.7846891972623643,1.0
C/tokens,IG configuration-level disagreement,37,40,0.925,0.8013576647568947,0.9741639742254118
