site,claim,sample,primary_standing,primary_supports,alternative_supports,stress_test_supports,tested,sensitive_axes
A/input,ig_necessary,480,contradicted,0/1,4/17,2/27,45,k;replacement;threshold
A/input,ig_necessary,390,contradicted,0/1,4/17,2/27,45,k;replacement;threshold
A/input,ig_necessary,140,contradicted,0/1,10/17,3/27,45,k;replacement;threshold
A/input,ig_necessary,295,contradicted,0/1,8/17,3/27,45,k;replacement;threshold
A/input,ig_necessary,21,contradicted,0/1,8/17,3/27,45,k;replacement;threshold
A/input,ig_necessary,85,contradicted,0/1,8/17,11/27,45,k;null;replacement;threshold
A/input,ig_necessary,400,contradicted,0/1,12/17,12/27,45,k;replacement;threshold
A/input,ig_necessary,152,supported,1/1,15/17,26/27,45,k;null
A/input,ig_necessary,431,contradicted,0/1,4/17,2/27,45,k;replacement;threshold
A/input,ig_necessary,90,supported,1/1,13/17,8/27,45,k;replacement;threshold
A/input,ig_necessary,143,contradicted,0/1,4/17,2/27,45,k;replacement;threshold
A/input,ig_necessary,336,contradicted,0/1,7/17,3/27,45,k;replacement;threshold
A/input,ig_necessary,454,contradicted,0/1,9/17,4/27,45,k;replacement;threshold
A/input,ig_necessary,199,contradicted,0/1,8/17,10/27,45,k;replacement;threshold
A/input,ig_necessary,550,contradicted,0/1,7/17,3/25,43,k;replacement;threshold
A/input,ig_necessary,198,contradicted,0/1,9/17,10/27,45,k;replacement;threshold
A/input,ig_necessary,347,supported,1/1,9/17,9/27,45,k;null;replacement;threshold
A/input,ig_necessary,122,contradicted,0/1,11/17,9/27,45,k;replacement;threshold
A/input,ig_necessary,47,supported,1/1,13/17,17/27,45,k;null;replacement;threshold
A/input,ig_necessary,566,contradicted,0/1,0/17,7/27,45,k;null;replacement;threshold
A/input,ig_necessary,502,contradicted,0/1,2/17,1/27,45,k;replacement;threshold
A/input,ig_necessary,517,contradicted,0/1,6/17,9/27,45,k;replacement;threshold
A/input,ig_necessary,377,contradicted,0/1,0/17,0/27,45,
A/input,ig_necessary,385,supported,1/1,5/17,9/27,45,k;null;replacement
A/input,ig_necessary,387,contradicted,0/1,12/17,5/27,45,k;null;replacement;threshold
A/input,ig_necessary,308,contradicted,0/1,8/17,4/27,45,k;replacement;threshold
A/input,ig_necessary,191,contradicted,0/1,0/17,0/27,45,
A/input,ig_necessary,183,contradicted,0/1,7/17,2/27,45,k;replacement;threshold
A/input,ig_necessary,513,supported,1/1,4/17,5/27,45,k;null;replacement;threshold
A/input,ig_necessary,102,contradicted,0/1,5/17,3/27,45,k;null;replacement;threshold
A/input,ig_necessary,504,contradicted,0/1,5/17,8/27,45,k;null;replacement;threshold
A/input,ig_necessary,236,contradicted,0/1,9/17,8/27,45,k;replacement;threshold
A/input,ig_necessary,202,contradicted,0/1,9/17,8/27,45,k;replacement;threshold
A/input,ig_necessary,196,supported,1/1,15/17,14/27,45,k;replacement;threshold
A/input,ig_necessary,292,contradicted,0/1,4/17,2/27,45,k;replacement;threshold
A/input,ig_necessary,360,contradicted,0/1,4/17,2/27,45,k;replacement;threshold
A/input,ig_necessary,392,contradicted,0/1,11/17,11/27,45,k;replacement;threshold
A/input,ig_necessary,28,contradicted,0/1,13/17,13/27,45,k;replacement;threshold
A/input,ig_necessary,132,contradicted,0/1,13/17,12/27,45,k;null;replacement;threshold
A/input,ig_necessary,331,contradicted,0/1,6/17,3/27,45,k;replacement;threshold
A/input,ig_necessary,535,contradicted,0/1,10/17,10/27,45,k;replacement;threshold
A/input,ig_necessary,117,contradicted,0/1,14/17,13/27,45,k;replacement;threshold
A/input,ig_necessary,80,contradicted,0/1,0/17,0/27,45,
A/input,ig_necessary,116,contradicted,0/1,8/17,2/27,45,k;replacement;threshold
A/input,ig_necessary,338,contradicted,0/1,0/17,1/27,45,k;null;threshold
A/input,ig_necessary,559,contradicted,0/1,6/17,3/27,45,k;replacement;threshold
A/input,ig_necessary,162,contradicted,0/1,8/17,8/27,45,k;null;replacement;threshold
A/input,ig_necessary,450,contradicted,0/1,3/17,4/27,45,k;null;replacement;threshold
A/input,ig_necessary,435,supported,1/1,14/17,19/27,45,k;null;replacement;threshold
A/input,ig_necessary,68,contradicted,0/1,0/17,7/27,45,k;null;replacement;threshold
A/input,ig_necessary,222,contradicted,0/1,3/17,1/27,45,k;replacement;threshold
A/input,r_necessary,480,contradicted,0/1,0/17,0/27,45,
A/input,r_necessary,390,contradicted,0/1,0/17,0/27,45,
A/input,r_necessary,140,contradicted,0/1,0/17,0/27,45,
A/input,r_necessary,295,contradicted,0/1,0/17,0/27,45,
A/input,r_necessary,21,contradicted,0/1,0/17,0/27,45,
A/input,r_necessary,85,contradicted,0/1,0/17,0/27,45,
A/input,r_necessary,400,contradicted,0/1,1/17,0/27,45,k;replacement;threshold
A/input,r_necessary,152,contradicted,0/1,0/17,3/27,45,null;threshold
A/input,r_necessary,431,contradicted,0/1,0/17,0/27,45,
A/input,r_necessary,90,contradicted,0/1,0/17,0/27,45,
A/input,r_necessary,143,contradicted,0/1,0/17,1/27,45,k;null;threshold
A/input,r_necessary,336,contradicted,0/1,0/17,1/27,45,k;null;threshold
A/input,r_necessary,454,contradicted,0/1,1/17,1/27,45,k;null;threshold
A/input,r_necessary,199,contradicted,0/1,0/17,0/27,45,
A/input,r_necessary,550,contradicted,0/1,0/17,0/27,45,
A/input,r_necessary,198,contradicted,0/1,0/17,0/27,45,
A/input,r_necessary,347,contradicted,0/1,0/17,0/27,45,
A/input,r_necessary,122,contradicted,0/1,0/17,0/27,45,
A/input,r_necessary,47,contradicted,0/1,5/17,3/27,45,k;null;replacement;threshold
A/input,r_necessary,566,contradicted,0/1,0/17,0/27,45,
A/input,r_necessary,502,contradicted,0/1,0/17,0/27,45,
A/input,r_necessary,517,contradicted,0/1,0/17,0/27,45,
A/input,r_necessary,377,contradicted,0/1,0/17,0/27,45,
A/input,r_necessary,385,supported,1/1,3/17,13/27,45,k;null;replacement;threshold
A/input,r_necessary,387,contradicted,0/1,0/17,0/27,45,
A/input,r_necessary,308,contradicted,0/1,0/17,0/27,45,
A/input,r_necessary,191,contradicted,0/1,0/17,0/27,45,
A/input,r_necessary,183,contradicted,0/1,0/17,0/27,45,
A/input,r_necessary,513,contradicted,0/1,0/17,0/27,45,
A/input,r_necessary,102,contradicted,0/1,2/17,1/27,45,k;replacement;threshold
A/input,r_necessary,504,contradicted,0/1,0/17,1/27,45,k;null;threshold
A/input,r_necessary,236,contradicted,0/1,4/17,4/27,45,k;replacement;threshold
A/input,r_necessary,202,contradicted,0/1,0/17,0/27,45,
A/input,r_necessary,196,contradicted,0/1,0/17,0/27,45,
A/input,r_necessary,292,contradicted,0/1,0/17,0/27,45,
A/input,r_necessary,360,contradicted,0/1,1/17,1/27,45,k;null;threshold
A/input,r_necessary,392,contradicted,0/1,0/17,0/27,45,
A/input,r_necessary,28,contradicted,0/1,2/17,3/27,45,k;replacement;threshold
A/input,r_necessary,132,contradicted,0/1,0/17,0/27,45,
A/input,r_necessary,331,contradicted,0/1,0/17,0/27,45,
A/input,r_necessary,535,contradicted,0/1,0/17,0/27,45,
A/input,r_necessary,117,contradicted,0/1,0/17,0/27,45,
A/input,r_necessary,80,contradicted,0/1,0/17,0/27,45,
A/input,r_necessary,116,contradicted,0/1,0/17,0/27,45,
A/input,r_necessary,338,contradicted,0/1,0/17,0/27,45,
A/input,r_necessary,559,contradicted,0/1,0/17,0/27,45,
A/input,r_necessary,162,contradicted,0/1,0/17,0/27,45,
A/input,r_necessary,450,contradicted,0/1,0/17,0/27,45,
A/input,r_necessary,435,contradicted,0/1,0/17,0/27,45,
A/input,r_necessary,68,contradicted,0/1,0/17,2/27,45,k;null;threshold
A/input,r_necessary,222,contradicted,0/1,1/17,1/27,45,k;null;replacement;threshold
A/input,g_necessary,480,contradicted,0/1,4/17,3/27,45,k;null;replacement;threshold
A/input,g_necessary,390,contradicted,0/1,2/17,1/27,45,k;replacement;threshold
A/input,g_necessary,140,contradicted,0/1,2/17,1/27,45,k;replacement;threshold
A/input,g_necessary,295,contradicted,0/1,3/17,1/27,45,k;replacement;threshold
A/input,g_necessary,21,contradicted,0/1,5/17,1/27,45,k;null;replacement;threshold
A/input,g_necessary,85,contradicted,0/1,6/17,5/27,45,k;replacement;threshold
A/input,g_necessary,400,contradicted,0/1,8/17,9/27,45,k;replacement;threshold
A/input,g_necessary,152,contradicted,0/1,0/17,2/27,45,k;null;threshold
A/input,g_necessary,431,contradicted,0/1,4/17,2/27,45,k;replacement;threshold
A/input,g_necessary,90,contradicted,0/1,1/17,1/27,45,k;null;threshold
A/input,g_necessary,143,contradicted,0/1,2/17,1/27,45,k;replacement;threshold
A/input,g_necessary,336,contradicted,0/1,4/17,2/27,45,k;replacement;threshold
A/input,g_necessary,454,contradicted,0/1,7/17,3/27,45,k;replacement;threshold
A/input,g_necessary,199,contradicted,0/1,4/17,12/27,45,k;null;replacement;threshold
A/input,g_necessary,550,contradicted,0/1,2/17,1/27,45,k;replacement;threshold
A/input,g_necessary,198,contradicted,0/1,4/17,7/27,45,k;null;replacement;threshold
A/input,g_necessary,347,contradicted,0/1,4/17,5/27,45,k;replacement
A/input,g_necessary,122,contradicted,0/1,3/17,6/27,45,k;replacement;threshold
A/input,g_necessary,47,contradicted,0/1,4/17,12/27,45,k;null;replacement;threshold
A/input,g_necessary,566,contradicted,0/1,3/17,7/27,45,k;replacement;threshold
A/input,g_necessary,502,contradicted,0/1,2/17,1/27,45,k;replacement;threshold
A/input,g_necessary,517,contradicted,0/1,0/17,6/27,45,k;replacement;threshold
A/input,g_necessary,377,contradicted,0/1,2/17,3/27,45,k;null;replacement;threshold
A/input,g_necessary,385,contradicted,0/1,6/17,12/27,45,k;null;replacement
A/input,g_necessary,387,contradicted,0/1,6/17,3/27,45,k;replacement;threshold
A/input,g_necessary,308,contradicted,0/1,4/17,2/27,45,k;replacement;threshold
A/input,g_necessary,191,contradicted,0/1,0/17,0/27,45,
A/input,g_necessary,183,contradicted,0/1,3/17,1/27,45,k;replacement;threshold
A/input,g_necessary,513,contradicted,0/1,1/17,1/27,45,k;null;threshold
A/input,g_necessary,102,contradicted,0/1,5/17,3/27,45,k;null;replacement;threshold
A/input,g_necessary,504,contradicted,0/1,0/17,0/27,45,
A/input,g_necessary,236,contradicted,0/1,3/17,5/27,45,k;replacement;threshold
A/input,g_necessary,202,contradicted,0/1,3/17,5/27,45,k;replacement;threshold
A/input,g_necessary,196,supported,1/1,13/17,13/27,45,k;replacement;threshold
A/input,g_necessary,292,contradicted,0/1,3/17,2/27,45,k;null;replacement;threshold
A/input,g_necessary,360,contradicted,0/1,1/17,1/27,45,k;null;threshold
A/input,g_necessary,392,contradicted,0/1,8/17,11/27,45,k;replacement;threshold
A/input,g_necessary,28,contradicted,0/1,12/17,13/27,45,k;null;replacement;threshold
A/input,g_necessary,132,contradicted,0/1,9/17,12/27,45,k;replacement;threshold
A/input,g_necessary,331,contradicted,0/1,9/17,5/27,45,k;null;replacement;threshold
A/input,g_necessary,535,contradicted,0/1,2/17,4/27,45,k;null;replacement;threshold
A/input,g_necessary,117,contradicted,0/1,10/17,12/27,45,k;replacement;threshold
A/input,g_necessary,80,contradicted,0/1,1/17,1/27,45,k;null;threshold
A/input,g_necessary,116,contradicted,0/1,4/17,1/27,45,k;replacement;threshold
A/input,g_necessary,338,contradicted,0/1,4/17,1/27,45,k;replacement;threshold
A/input,g_necessary,559,contradicted,0/1,6/17,3/27,45,k;replacement;threshold
A/input,g_necessary,162,contradicted,0/1,5/17,7/27,45,k;replacement;threshold
A/input,g_necessary,450,contradicted,0/1,2/17,1/27,45,k;replacement;threshold
A/input,g_necessary,435,contradicted,0/1,11/17,16/27,45,k;replacement;threshold
A/input,g_necessary,68,contradicted,0/1,0/17,2/27,45,k;null;threshold
A/input,g_necessary,222,contradicted,0/1,3/17,1/27,45,k;replacement;threshold
A/net.1,ig_necessary,480,contradicted,0/1,0/17,3/27,45,k;replacement;threshold
A/net.1,ig_necessary,390,contradicted,0/1,6/17,6/27,45,k;replacement;threshold
A/net.1,ig_necessary,140,contradicted,0/1,5/17,6/27,45,k;replacement;threshold
A/net.1,ig_necessary,295,contradicted,0/1,8/17,6/27,45,k;replacement;threshold
A/net.1,ig_necessary,21,contradicted,0/1,4/17,6/27,45,k;replacement;threshold
A/net.1,ig_necessary,85,contradicted,0/1,7/17,5/27,45,k;replacement;threshold
A/net.1,ig_necessary,400,contradicted,0/1,9/17,6/27,45,k;threshold
A/net.1,ig_necessary,152,supported,1/1,17/17,27/27,45,
A/net.1,ig_necessary,431,contradicted,0/1,7/17,6/27,45,k;replacement;threshold
A/net.1,ig_necessary,90,contradicted,0/1,1/17,4/27,45,k;replacement;threshold
A/net.1,ig_necessary,143,contradicted,0/1,2/17,5/27,45,k;replacement;threshold
A/net.1,ig_necessary,336,contradicted,0/1,4/17,6/27,45,k;replacement;threshold
A/net.1,ig_necessary,454,contradicted,0/1,4/17,6/27,45,k;replacement;threshold
A/net.1,ig_necessary,199,contradicted,0/1,8/17,10/27,45,k;replacement;threshold
A/net.1,ig_necessary,550,contradicted,0/1,6/17,5/27,45,k;null;replacement;threshold
A/net.1,ig_necessary,198,contradicted,0/1,7/17,5/27,45,k;replacement;threshold
A/net.1,ig_necessary,347,contradicted,0/1,3/17,8/27,45,k;null;replacement;threshold
A/net.1,ig_necessary,122,contradicted,0/1,12/17,11/27,45,k;replacement;threshold
A/net.1,ig_necessary,47,contradicted,0/1,4/17,8/27,45,k;replacement;threshold
A/net.1,ig_necessary,566,contradicted,0/1,6/17,5/27,45,k;replacement;threshold
A/net.1,ig_necessary,502,contradicted,0/1,9/17,10/27,45,k;replacement;threshold
A/net.1,ig_necessary,517,contradicted,0/1,4/17,5/27,45,k;replacement;threshold
A/net.1,ig_necessary,377,contradicted,0/1,13/17,12/27,45,k;replacement;threshold
A/net.1,ig_necessary,385,contradicted,0/1,0/17,9/27,45,replacement
A/net.1,ig_necessary,387,contradicted,0/1,8/17,7/27,45,k;replacement;threshold
A/net.1,ig_necessary,308,contradicted,0/1,5/17,7/27,45,k;null;replacement;threshold
A/net.1,ig_necessary,191,contradicted,0/1,0/17,3/27,45,k;replacement;threshold
A/net.1,ig_necessary,183,contradicted,0/1,10/17,8/27,45,k;replacement;threshold
A/net.1,ig_necessary,513,contradicted,0/1,6/17,9/27,45,k;replacement;threshold
A/net.1,ig_necessary,102,contradicted,0/1,4/17,6/27,45,k;replacement;threshold
A/net.1,ig_necessary,504,supported,1/1,9/17,11/27,45,k;replacement;threshold
A/net.1,ig_necessary,236,contradicted,0/1,7/17,5/27,45,k;replacement;threshold
A/net.1,ig_necessary,202,contradicted,0/1,9/17,6/27,45,k;threshold
A/net.1,ig_necessary,196,contradicted,0/1,11/17,11/27,45,k;null;replacement;threshold
A/net.1,ig_necessary,292,contradicted,0/1,4/17,6/27,45,k;replacement;threshold
A/net.1,ig_necessary,360,contradicted,0/1,2/17,4/27,45,k;replacement;threshold
A/net.1,ig_necessary,392,contradicted,0/1,4/17,4/27,45,k;replacement;threshold
A/net.1,ig_necessary,28,contradicted,0/1,8/17,6/27,45,k;replacement;threshold
A/net.1,ig_necessary,132,contradicted,0/1,6/17,5/27,45,k;replacement;threshold
A/net.1,ig_necessary,331,contradicted,0/1,2/17,5/27,45,k;replacement;threshold
A/net.1,ig_necessary,535,contradicted,0/1,5/17,4/27,45,k;replacement;threshold
A/net.1,ig_necessary,117,contradicted,0/1,8/17,6/27,45,k;replacement;threshold
A/net.1,ig_necessary,80,contradicted,0/1,8/17,9/27,45,k;replacement;threshold
A/net.1,ig_necessary,116,contradicted,0/1,13/17,11/27,45,k;replacement;threshold
A/net.1,ig_necessary,338,contradicted,0/1,8/17,6/27,45,k;replacement;threshold
A/net.1,ig_necessary,559,contradicted,0/1,14/17,12/27,45,k;replacement;threshold
A/net.1,ig_necessary,162,contradicted,0/1,7/17,5/27,45,k;replacement;threshold
A/net.1,ig_necessary,450,supported,1/1,13/17,11/27,45,k;replacement;threshold
A/net.1,ig_necessary,435,contradicted,0/1,11/17,10/27,45,k;replacement;threshold
A/net.1,ig_necessary,68,supported,1/1,17/17,26/27,45,k;replacement;threshold
A/net.1,ig_necessary,222,contradicted,0/1,6/17,6/27,45,k;replacement;threshold
A/net.1,r_necessary,480,contradicted,0/1,0/17,0/27,45,
A/net.1,r_necessary,390,contradicted,0/1,0/17,0/27,45,
A/net.1,r_necessary,140,contradicted,0/1,0/17,0/27,45,
A/net.1,r_necessary,295,contradicted,0/1,0/17,0/27,45,
A/net.1,r_necessary,21,contradicted,0/1,0/17,0/27,45,
A/net.1,r_necessary,85,contradicted,0/1,0/17,0/27,45,
A/net.1,r_necessary,400,contradicted,0/1,0/17,0/27,45,
A/net.1,r_necessary,152,contradicted,0/1,0/17,1/27,45,k;null;threshold
A/net.1,r_necessary,431,contradicted,0/1,0/17,0/27,45,
A/net.1,r_necessary,90,contradicted,0/1,0/17,0/27,45,
A/net.1,r_necessary,143,contradicted,0/1,0/17,0/27,45,
A/net.1,r_necessary,336,contradicted,0/1,0/17,0/27,45,
A/net.1,r_necessary,454,contradicted,0/1,0/17,0/27,45,
A/net.1,r_necessary,199,contradicted,0/1,0/17,0/27,45,
A/net.1,r_necessary,550,contradicted,0/1,0/17,0/27,45,
A/net.1,r_necessary,198,contradicted,0/1,0/17,0/27,45,
A/net.1,r_necessary,347,contradicted,0/1,0/17,0/27,45,
A/net.1,r_necessary,122,contradicted,0/1,0/17,0/27,45,
A/net.1,r_necessary,47,contradicted,0/1,1/17,2/27,45,k;null;replacement;threshold
A/net.1,r_necessary,566,contradicted,0/1,0/17,0/27,45,
A/net.1,r_necessary,502,contradicted,0/1,0/17,0/27,45,
A/net.1,r_necessary,517,contradicted,0/1,0/17,0/27,45,
A/net.1,r_necessary,377,contradicted,0/1,1/17,1/27,45,k;replacement;threshold
A/net.1,r_necessary,385,contradicted,0/1,0/17,5/27,45,k;null;threshold
A/net.1,r_necessary,387,contradicted,0/1,1/17,0/27,45,k;replacement;threshold
A/net.1,r_necessary,308,contradicted,0/1,0/17,0/27,45,
A/net.1,r_necessary,191,contradicted,0/1,0/17,1/27,45,k;replacement;threshold
A/net.1,r_necessary,183,contradicted,0/1,0/17,0/27,45,
A/net.1,r_necessary,513,contradicted,0/1,0/17,0/27,45,
A/net.1,r_necessary,102,contradicted,0/1,0/17,0/27,45,
A/net.1,r_necessary,504,contradicted,0/1,0/17,0/27,45,
A/net.1,r_necessary,236,contradicted,0/1,0/17,0/27,45,
A/net.1,r_necessary,202,contradicted,0/1,0/17,0/27,45,
A/net.1,r_necessary,196,contradicted,0/1,2/17,0/27,45,k;replacement;threshold
A/net.1,r_necessary,292,contradicted,0/1,0/17,0/27,45,
A/net.1,r_necessary,360,contradicted,0/1,0/17,0/27,45,
A/net.1,r_necessary,392,contradicted,0/1,0/17,0/27,45,
A/net.1,r_necessary,28,contradicted,0/1,0/17,0/27,45,
A/net.1,r_necessary,132,contradicted,0/1,0/17,0/27,45,
A/net.1,r_necessary,331,contradicted,0/1,0/17,0/27,45,
A/net.1,r_necessary,535,contradicted,0/1,0/17,0/27,45,
A/net.1,r_necessary,117,contradicted,0/1,2/17,1/27,45,k;replacement;threshold
A/net.1,r_necessary,80,contradicted,0/1,0/17,0/27,45,
A/net.1,r_necessary,116,contradicted,0/1,0/17,0/27,45,
A/net.1,r_necessary,338,contradicted,0/1,0/17,0/27,45,
A/net.1,r_necessary,559,contradicted,0/1,0/17,0/27,45,
A/net.1,r_necessary,162,contradicted,0/1,0/17,0/27,45,
A/net.1,r_necessary,450,contradicted,0/1,0/17,0/27,45,
A/net.1,r_necessary,435,contradicted,0/1,0/17,0/27,45,
A/net.1,r_necessary,68,contradicted,0/1,0/17,0/27,45,
A/net.1,r_necessary,222,contradicted,0/1,0/17,0/27,45,
A/net.1,g_necessary,480,contradicted,0/1,0/17,0/27,45,
A/net.1,g_necessary,390,contradicted,0/1,2/17,1/27,45,k;replacement;threshold
A/net.1,g_necessary,140,contradicted,0/1,0/17,0/27,45,
A/net.1,g_necessary,295,contradicted,0/1,0/17,0/27,45,
A/net.1,g_necessary,21,contradicted,0/1,3/17,2/27,45,k;replacement;threshold
A/net.1,g_necessary,85,contradicted,0/1,1/17,1/27,45,k;replacement;threshold
A/net.1,g_necessary,400,contradicted,0/1,4/17,3/27,45,k;replacement;threshold
A/net.1,g_necessary,152,contradicted,0/1,6/17,3/27,45,k;null;replacement;threshold
A/net.1,g_necessary,431,contradicted,0/1,6/17,4/27,45,k;threshold
A/net.1,g_necessary,90,contradicted,0/1,0/17,0/27,45,
A/net.1,g_necessary,143,contradicted,0/1,0/17,0/27,45,
A/net.1,g_necessary,336,contradicted,0/1,2/17,3/27,45,k;replacement;threshold
A/net.1,g_necessary,454,contradicted,0/1,0/17,0/27,45,
A/net.1,g_necessary,199,contradicted,0/1,4/17,5/27,45,k;replacement;threshold
A/net.1,g_necessary,550,contradicted,0/1,0/17,0/27,45,
A/net.1,g_necessary,198,contradicted,0/1,4/17,3/27,45,k;replacement;threshold
A/net.1,g_necessary,347,contradicted,0/1,0/17,0/27,45,
A/net.1,g_necessary,122,contradicted,0/1,3/17,2/27,45,k;threshold
A/net.1,g_necessary,47,contradicted,0/1,4/17,5/27,45,k;replacement;threshold
A/net.1,g_necessary,566,contradicted,0/1,0/17,0/27,45,
A/net.1,g_necessary,502,contradicted,0/1,0/17,0/27,45,
A/net.1,g_necessary,517,contradicted,0/1,2/17,3/27,45,k;replacement;threshold
A/net.1,g_necessary,377,contradicted,0/1,5/17,1/27,45,k;replacement;threshold
A/net.1,g_necessary,385,contradicted,0/1,2/17,11/27,45,k;null;replacement;threshold
A/net.1,g_necessary,387,contradicted,0/1,1/17,0/27,45,k;replacement;threshold
A/net.1,g_necessary,308,contradicted,0/1,0/17,0/27,45,
A/net.1,g_necessary,191,contradicted,0/1,0/17,0/27,45,
A/net.1,g_necessary,183,contradicted,0/1,3/17,3/27,45,k;replacement;threshold
A/net.1,g_necessary,513,contradicted,0/1,0/17,0/27,45,
A/net.1,g_necessary,102,contradicted,0/1,0/17,0/25,43,
A/net.1,g_necessary,504,contradicted,0/1,4/17,4/27,45,k;replacement;threshold
A/net.1,g_necessary,236,contradicted,0/1,4/17,3/27,45,k;replacement;threshold
A/net.1,g_necessary,202,contradicted,0/1,3/17,2/27,45,k;threshold
A/net.1,g_necessary,196,contradicted,0/1,0/17,3/27,45,k;replacement;threshold
A/net.1,g_necessary,292,contradicted,0/1,1/17,0/27,45,k;replacement;threshold
A/net.1,g_necessary,360,contradicted,0/1,0/17,0/27,45,
A/net.1,g_necessary,392,contradicted,0/1,3/17,3/27,45,k;replacement;threshold
A/net.1,g_necessary,28,contradicted,0/1,7/17,4/27,45,k;replacement;threshold
A/net.1,g_necessary,132,contradicted,0/1,2/17,2/27,45,k;replacement;threshold
A/net.1,g_necessary,331,contradicted,0/1,3/17,3/27,45,k;replacement;threshold
A/net.1,g_necessary,535,contradicted,0/1,4/17,2/27,45,k;replacement;threshold
A/net.1,g_necessary,117,contradicted,0/1,5/17,4/27,45,k;replacement;threshold
A/net.1,g_necessary,80,contradicted,0/1,0/17,0/25,43,
A/net.1,g_necessary,116,contradicted,0/1,8/17,4/27,45,k;replacement;threshold
A/net.1,g_necessary,338,contradicted,0/1,0/17,0/27,45,
A/net.1,g_necessary,559,contradicted,0/1,6/17,4/27,45,k;null;replacement;threshold
A/net.1,g_necessary,162,contradicted,0/1,4/17,3/27,45,k;replacement;threshold
A/net.1,g_necessary,450,contradicted,0/1,5/17,5/27,45,k;replacement;threshold
A/net.1,g_necessary,435,contradicted,0/1,5/17,4/27,45,k;null;replacement;threshold
A/net.1,g_necessary,68,contradicted,0/1,2/17,3/27,45,k;null;threshold
A/net.1,g_necessary,222,contradicted,0/1,0/17,1/27,45,k;replacement;threshold
B/pixels,ig_necessary,716,contradicted,0/1,4/17,11/27,45,k;null;replacement;threshold
B/pixels,ig_necessary,1135,contradicted,0/1,0/17,2/27,45,k;null;replacement;threshold
B/pixels,ig_necessary,587,contradicted,0/1,5/17,5/27,45,k;null;replacement;threshold
B/pixels,ig_necessary,85,contradicted,0/1,4/17,12/27,45,k;null;replacement;threshold
B/pixels,ig_necessary,1561,contradicted,0/1,0/17,9/27,45,k;null;replacement
B/pixels,ig_necessary,1332,contradicted,0/1,0/17,3/27,45,k;null;threshold
B/pixels,ig_necessary,1041,contradicted,0/1,0/17,4/27,45,k;null;replacement;threshold
B/pixels,ig_necessary,1330,contradicted,0/1,0/17,11/27,45,k;null;replacement;threshold
B/pixels,ig_necessary,677,contradicted,0/1,2/17,13/27,45,k;null;replacement
B/pixels,ig_necessary,649,contradicted,0/1,0/17,0/27,45,
B/pixels,ig_necessary,1634,supported,1/1,5/17,16/27,45,k;null;replacement;threshold
B/pixels,ig_necessary,862,contradicted,0/1,9/17,13/27,45,k;null;replacement;threshold
B/pixels,ig_necessary,949,contradicted,0/1,0/17,7/27,45,k;null;replacement;threshold
B/pixels,ig_necessary,417,contradicted,0/1,0/17,4/27,45,k;null;threshold
B/pixels,ig_necessary,652,supported,1/1,9/17,16/27,45,k;null;replacement;threshold
B/pixels,ig_necessary,1224,contradicted,0/1,8/17,15/27,45,k;null;replacement;threshold
B/pixels,ig_necessary,1352,contradicted,0/1,0/17,16/27,45,k;null;replacement;threshold
B/pixels,ig_necessary,50,contradicted,0/1,0/17,2/27,45,k;null;threshold
B/pixels,ig_necessary,1333,contradicted,0/1,6/17,13/27,45,k;null;replacement;threshold
B/pixels,ig_necessary,766,contradicted,0/1,2/17,9/27,45,k;null;replacement;threshold
B/pixels,ig_necessary,1208,supported,1/1,7/17,19/27,45,k;null;replacement
B/pixels,ig_necessary,772,contradicted,0/1,5/17,12/27,45,k;null;replacement;threshold
B/pixels,ig_necessary,96,contradicted,0/1,8/17,9/27,45,k;null;replacement;threshold
B/pixels,ig_necessary,1579,contradicted,0/1,0/17,6/27,45,k;null;replacement;threshold
B/pixels,ig_necessary,1532,contradicted,0/1,1/17,12/27,45,k;null;replacement;threshold
B/pixels,ig_necessary,1183,supported,1/1,4/17,17/27,45,k;null;replacement;threshold
B/pixels,ig_necessary,704,supported,1/1,15/17,26/27,45,k;null
B/pixels,ig_necessary,87,contradicted,0/1,0/17,0/27,45,
B/pixels,ig_necessary,787,supported,1/1,9/17,20/27,45,k;null;replacement
B/pixels,ig_necessary,522,contradicted,0/1,8/17,19/27,45,k;null;replacement;threshold
B/pixels,ig_necessary,283,supported,1/1,3/17,11/27,45,k;null;replacement;threshold
B/pixels,ig_necessary,344,contradicted,0/1,6/17,13/27,45,k;null;replacement;threshold
B/pixels,ig_necessary,1484,contradicted,0/1,6/17,20/27,45,k;null;replacement;threshold
B/pixels,ig_necessary,1170,contradicted,0/1,6/17,9/27,45,k;null;replacement;threshold
B/pixels,ig_necessary,817,contradicted,0/1,7/17,7/27,45,k;null;replacement;threshold
B/pixels,ig_necessary,126,contradicted,0/1,0/17,8/27,45,k;null;replacement;threshold
B/pixels,ig_necessary,1512,contradicted,0/1,8/17,9/27,45,k;null;replacement;threshold
B/pixels,ig_necessary,1356,supported,1/1,13/17,22/27,45,k;null;replacement;threshold
B/pixels,ig_necessary,1024,contradicted,0/1,0/17,10/27,45,k;null;replacement;threshold
B/pixels,ig_necessary,197,contradicted,0/1,10/17,15/27,45,k;null;replacement;threshold
B/pixels,ig_necessary,342,supported,1/1,5/17,14/27,45,k;null;replacement;threshold
B/pixels,ig_necessary,1640,contradicted,0/1,0/17,10/27,45,k;null;replacement;threshold
B/pixels,ig_necessary,1253,contradicted,0/1,8/17,12/27,45,k;null;replacement;threshold
B/pixels,ig_necessary,1329,contradicted,0/1,1/17,8/27,45,k;null;replacement;threshold
B/pixels,ig_necessary,1073,contradicted,0/1,0/17,12/27,45,k;null;replacement;threshold
B/pixels,ig_necessary,909,contradicted,0/1,1/17,3/27,45,k;null;replacement;threshold
B/pixels,ig_necessary,78,contradicted,0/1,0/17,0/27,45,
B/pixels,ig_necessary,1230,supported,1/1,5/17,21/27,45,null;replacement
B/pixels,ig_necessary,1415,contradicted,0/1,5/17,11/27,45,k;null;replacement;threshold
B/pixels,ig_necessary,1626,contradicted,0/1,0/17,9/27,45,k;null;replacement;threshold
B/pixels,ig_necessary,1513,contradicted,0/1,2/17,12/27,45,k;null;replacement;threshold
B/pixels,ig_necessary,813,contradicted,0/1,2/17,12/27,45,k;null;replacement;threshold
B/pixels,ig_necessary,199,supported,1/1,9/17,18/27,45,k;null;replacement;threshold
B/pixels,ig_necessary,1455,contradicted,0/1,8/17,11/27,45,k;null;replacement;threshold
B/pixels,ig_necessary,466,supported,1/1,11/17,18/27,45,null;replacement;threshold
B/pixels,ig_necessary,1787,contradicted,0/1,0/17,0/27,45,
B/pixels,ig_necessary,1173,contradicted,0/1,9/17,15/27,45,k;null;replacement;threshold
B/pixels,ig_necessary,128,contradicted,0/1,0/17,6/27,45,k;null;replacement;threshold
B/pixels,ig_necessary,1487,supported,1/1,17/17,18/27,45,replacement;threshold
B/pixels,ig_necessary,1051,supported,1/1,13/17,17/27,45,k;null;replacement;threshold
B/pixels,r_necessary,716,contradicted,0/1,4/17,10/27,45,k;null;replacement;threshold
B/pixels,r_necessary,1135,contradicted,0/1,0/17,1/27,45,k;null;threshold
B/pixels,r_necessary,587,contradicted,0/1,0/17,0/27,45,
B/pixels,r_necessary,85,contradicted,0/1,0/17,0/27,45,
B/pixels,r_necessary,1561,contradicted,0/1,0/17,0/27,45,
B/pixels,r_necessary,1332,contradicted,0/1,0/17,0/27,45,
B/pixels,r_necessary,1041,contradicted,0/1,0/17,1/27,45,k;replacement;threshold
B/pixels,r_necessary,1330,contradicted,0/1,0/17,1/27,45,k;null;threshold
B/pixels,r_necessary,677,contradicted,0/1,0/17,0/27,45,
B/pixels,r_necessary,649,contradicted,0/1,2/17,4/27,45,k;null;replacement;threshold
B/pixels,r_necessary,1634,contradicted,0/1,0/17,4/27,45,k;null;threshold
B/pixels,r_necessary,862,contradicted,0/1,0/17,0/27,45,
B/pixels,r_necessary,949,contradicted,0/1,0/17,0/27,45,
B/pixels,r_necessary,417,contradicted,0/1,0/17,3/27,45,k;null
B/pixels,r_necessary,652,contradicted,0/1,0/17,0/27,45,
B/pixels,r_necessary,1224,supported,1/1,7/17,7/27,45,k;null;replacement;threshold
B/pixels,r_necessary,1352,contradicted,0/1,0/17,2/27,45,k;null;threshold
B/pixels,r_necessary,50,contradicted,0/1,2/17,2/27,45,k;null;threshold
B/pixels,r_necessary,1333,contradicted,0/1,0/17,1/27,45,k;null;threshold
B/pixels,r_necessary,766,contradicted,0/1,0/17,1/27,45,k;null;threshold
B/pixels,r_necessary,1208,contradicted,0/1,0/16,1/26,43,k;null;threshold
B/pixels,r_necessary,772,contradicted,0/1,0/17,0/27,45,
B/pixels,r_necessary,96,contradicted,0/1,0/17,0/27,45,
B/pixels,r_necessary,1579,contradicted,0/1,0/17,1/27,45,k;null;threshold
B/pixels,r_necessary,1532,contradicted,0/1,0/17,1/27,45,k;null;threshold
B/pixels,r_necessary,1183,contradicted,0/1,0/17,1/27,45,k;null;threshold
B/pixels,r_necessary,704,contradicted,0/1,0/17,0/27,45,
B/pixels,r_necessary,87,contradicted,0/1,0/17,1/27,45,k;null;threshold
B/pixels,r_necessary,787,contradicted,0/1,0/16,6/24,41,k;null
B/pixels,r_necessary,522,contradicted,0/1,0/17,0/27,45,
B/pixels,r_necessary,283,contradicted,0/1,0/17,0/27,45,
B/pixels,r_necessary,344,contradicted,0/1,6/17,4/27,45,k;null;replacement;threshold
B/pixels,r_necessary,1484,contradicted,0/1,0/17,10/27,45,k;null;replacement;threshold
B/pixels,r_necessary,1170,contradicted,0/1,0/17,1/27,45,k;null;threshold
B/pixels,r_necessary,817,contradicted,0/1,0/17,0/27,45,
B/pixels,r_necessary,126,contradicted,0/1,7/17,5/27,45,k;null;replacement;threshold
B/pixels,r_necessary,1512,contradicted,0/1,0/17,0/27,45,
B/pixels,r_necessary,1356,contradicted,0/1,0/17,0/27,45,
B/pixels,r_necessary,1024,contradicted,0/1,0/16,2/24,41,k;null;threshold
B/pixels,r_necessary,197,contradicted,0/1,0/16,0/26,43,
B/pixels,r_necessary,342,contradicted,0/1,0/17,0/27,45,
B/pixels,r_necessary,1640,contradicted,0/1,0/17,0/27,45,
B/pixels,r_necessary,1253,contradicted,0/1,4/17,6/25,43,k;null;replacement;threshold
B/pixels,r_necessary,1329,contradicted,0/1,2/17,5/27,45,k;null;replacement;threshold
B/pixels,r_necessary,1073,contradicted,0/1,0/17,1/27,45,k;null;threshold
B/pixels,r_necessary,909,contradicted,0/1,0/17,0/27,45,
B/pixels,r_necessary,78,contradicted,0/1,0/17,0/27,45,
B/pixels,r_necessary,1230,contradicted,0/1,0/17,1/27,45,k;null;threshold
B/pixels,r_necessary,1415,contradicted,0/1,0/16,1/24,41,k;null;threshold
B/pixels,r_necessary,1626,contradicted,0/1,0/17,2/25,43,k;null;threshold
B/pixels,r_necessary,1513,contradicted,0/1,0/17,0/27,45,
B/pixels,r_necessary,813,contradicted,0/1,0/17,2/27,45,k;null;threshold
B/pixels,r_necessary,199,contradicted,0/1,0/17,0/27,45,
B/pixels,r_necessary,1455,contradicted,0/1,0/17,0/27,45,
B/pixels,r_necessary,466,contradicted,0/1,0/17,0/27,45,
B/pixels,r_necessary,1787,contradicted,0/1,2/16,2/26,43,k;null;replacement;threshold
B/pixels,r_necessary,1173,contradicted,0/1,3/17,3/27,45,k;null;threshold
B/pixels,r_necessary,128,contradicted,0/1,0/17,2/27,45,k;null;threshold
B/pixels,r_necessary,1487,contradicted,0/1,0/17,1/27,45,k;null;threshold
B/pixels,r_necessary,1051,contradicted,0/1,3/17,3/27,45,k;null;replacement;threshold
B/pixels,g_necessary,716,contradicted,0/1,6/17,6/27,45,k;replacement
B/pixels,g_necessary,1135,supported,1/1,15/17,9/27,45,k;replacement;threshold
B/pixels,g_necessary,587,supported,1/1,15/17,17/27,45,k;null;replacement
B/pixels,g_necessary,85,contradicted,0/1,6/17,4/27,45,k;null;replacement;threshold
B/pixels,g_necessary,1561,contradicted,0/1,0/17,1/27,45,k;null;threshold
B/pixels,g_necessary,1332,supported,1/1,7/17,9/27,45,k;null;replacement;threshold
B/pixels,g_necessary,1041,supported,1/1,17/17,12/27,45,k;replacement;threshold
B/pixels,g_necessary,1330,supported,1/1,15/17,20/27,45,k;replacement
B/pixels,g_necessary,677,contradicted,0/1,2/17,10/27,45,k;null;replacement
B/pixels,g_necessary,649,contradicted,0/1,5/17,6/27,45,k;null;replacement;threshold
B/pixels,g_necessary,1634,supported,1/1,7/17,8/27,45,k;null;replacement;threshold
B/pixels,g_necessary,862,contradicted,0/1,2/17,8/27,45,k;null;replacement;threshold
B/pixels,g_necessary,949,supported,1/1,17/17,18/27,45,replacement
B/pixels,g_necessary,417,supported,1/1,15/17,17/27,45,k;null;replacement
B/pixels,g_necessary,652,supported,1/1,15/17,18/27,45,k;null;replacement;threshold
B/pixels,g_necessary,1224,supported,1/1,17/17,17/27,45,k;replacement;threshold
B/pixels,g_necessary,1352,supported,1/1,17/17,18/27,45,replacement
B/pixels,g_necessary,50,supported,1/1,17/17,18/27,45,replacement
B/pixels,g_necessary,1333,supported,1/1,11/17,18/27,45,k;replacement;threshold
B/pixels,g_necessary,766,contradicted,0/1,10/17,9/27,45,k;null;replacement;threshold
B/pixels,g_necessary,1208,supported,1/1,13/17,19/27,45,k;replacement
B/pixels,g_necessary,772,contradicted,0/1,10/17,13/27,45,k;replacement;threshold
B/pixels,g_necessary,96,contradicted,0/1,5/17,9/27,45,k;null;replacement;threshold
B/pixels,g_necessary,1579,supported,1/1,17/17,17/27,45,k;replacement;threshold
B/pixels,g_necessary,1532,supported,1/1,8/17,17/27,45,k;null;replacement;threshold
B/pixels,g_necessary,1183,supported,1/1,11/17,12/27,45,k;replacement;threshold
B/pixels,g_necessary,704,contradicted,0/1,0/17,6/27,45,k;replacement
B/pixels,g_necessary,87,contradicted,0/1,2/17,3/27,45,k;null;replacement;threshold
B/pixels,g_necessary,787,contradicted,0/1,0/17,15/27,45,k;null;replacement
B/pixels,g_necessary,522,supported,1/1,15/17,17/27,45,k;replacement
B/pixels,g_necessary,283,supported,1/1,17/17,17/27,45,k;replacement;threshold
B/pixels,g_necessary,344,contradicted,0/1,7/17,9/27,45,k;null;replacement;threshold
B/pixels,g_necessary,1484,contradicted,0/1,8/17,22/27,45,k;null;replacement
B/pixels,g_necessary,1170,supported,1/1,6/17,14/27,45,k;null;replacement;threshold
B/pixels,g_necessary,817,contradicted,0/1,14/17,11/27,45,k;replacement;threshold
B/pixels,g_necessary,126,supported,1/1,17/17,15/27,45,k;replacement;threshold
B/pixels,g_necessary,1512,contradicted,0/1,12/17,6/27,45,k;replacement;threshold
B/pixels,g_necessary,1356,contradicted,0/1,8/17,15/27,45,k;null;replacement;threshold
B/pixels,g_necessary,1024,supported,1/1,15/17,16/27,45,k;replacement;threshold
B/pixels,g_necessary,197,supported,1/1,13/17,14/27,45,k;replacement;threshold
B/pixels,g_necessary,342,supported,1/1,17/17,19/27,45,k;replacement;threshold
B/pixels,g_necessary,1640,supported,1/1,15/17,19/27,45,k;replacement;threshold
B/pixels,g_necessary,1253,contradicted,0/1,2/17,12/27,45,k;null;replacement;threshold
B/pixels,g_necessary,1329,supported,1/1,17/17,27/27,45,
B/pixels,g_necessary,1073,supported,1/1,13/17,12/27,45,k;replacement;threshold
B/pixels,g_necessary,909,contradicted,0/1,7/16,3/26,43,k;null;replacement;threshold
B/pixels,g_necessary,78,contradicted,0/1,0/17,5/27,45,k;null;threshold
B/pixels,g_necessary,1230,supported,1/1,7/17,22/27,45,k;null;replacement
B/pixels,g_necessary,1415,contradicted,0/1,6/17,13/27,45,k;null;replacement;threshold
B/pixels,g_necessary,1626,supported,1/1,9/17,14/27,45,k;null;replacement;threshold
B/pixels,g_necessary,1513,supported,1/1,9/17,15/27,45,k;null;replacement;threshold
B/pixels,g_necessary,813,supported,1/1,15/17,19/27,45,k;null;replacement;threshold
B/pixels,g_necessary,199,supported,1/1,9/17,18/27,45,k;null;replacement;threshold
B/pixels,g_necessary,1455,contradicted,0/1,5/17,10/27,45,k;null;replacement;threshold
B/pixels,g_necessary,466,supported,1/1,15/17,21/27,45,k;replacement;threshold
B/pixels,g_necessary,1787,supported,1/1,9/17,14/27,45,k;null;replacement
B/pixels,g_necessary,1173,supported,1/1,11/17,17/27,45,k;null;replacement;threshold
B/pixels,g_necessary,128,supported,1/1,13/17,16/27,45,k;replacement
B/pixels,g_necessary,1487,supported,1/1,9/17,9/27,45,k;null;replacement;threshold
B/pixels,g_necessary,1051,contradicted,0/1,12/17,7/27,45,k;null;replacement;threshold
B/relu2,ig_necessary,716,contradicted,0/1,0/17,6/27,45,k;null;replacement
B/relu2,ig_necessary,1135,contradicted,0/1,2/17,3/27,45,k;null;threshold
B/relu2,ig_necessary,587,contradicted,0/1,2/17,4/27,45,k;null;replacement;threshold
B/relu2,ig_necessary,85,contradicted,0/1,0/17,7/27,45,k;null;replacement;threshold
B/relu2,ig_necessary,1561,supported,1/1,1/17,17/27,45,k;null;replacement;threshold
B/relu2,ig_necessary,1332,contradicted,0/1,2/17,4/27,45,k;replacement;threshold
B/relu2,ig_necessary,1041,contradicted,0/1,6/17,6/27,45,k;replacement;threshold
B/relu2,ig_necessary,1330,contradicted,0/1,8/17,7/27,45,k;null;replacement;threshold
B/relu2,ig_necessary,677,contradicted,0/1,0/17,3/27,45,k;null
B/relu2,ig_necessary,649,contradicted,0/1,0/17,1/27,45,k;null;threshold
B/relu2,ig_necessary,1634,contradicted,0/1,0/17,6/27,45,k;replacement
B/relu2,ig_necessary,862,contradicted,0/1,3/17,5/27,45,k;null;replacement;threshold
B/relu2,ig_necessary,949,contradicted,0/1,6/17,7/27,45,k;null;replacement;threshold
B/relu2,ig_necessary,417,contradicted,0/1,0/17,7/27,45,k;null;threshold
B/relu2,ig_necessary,652,contradicted,0/1,2/17,8/27,45,k;null;replacement;threshold
B/relu2,ig_necessary,1224,contradicted,0/1,0/17,1/27,45,k;null;threshold
B/relu2,ig_necessary,1352,contradicted,0/1,0/17,4/27,45,k;null;threshold
B/relu2,ig_necessary,50,contradicted,0/1,8/17,8/27,45,k;null;replacement;threshold
B/relu2,ig_necessary,1333,contradicted,0/1,2/17,5/27,45,k;null;replacement;threshold
B/relu2,ig_necessary,766,contradicted,0/1,0/17,4/27,45,k;null;replacement;threshold
B/relu2,ig_necessary,1208,contradicted,0/1,2/17,6/27,45,k;null;replacement;threshold
B/relu2,ig_necessary,772,contradicted,0/1,3/17,5/27,45,k;null;replacement;threshold
B/relu2,ig_necessary,96,contradicted,0/1,0/17,0/27,45,
B/relu2,ig_necessary,1579,contradicted,0/1,4/17,5/27,45,k;null;replacement;threshold
B/relu2,ig_necessary,1532,contradicted,0/1,2/17,7/27,45,k;null;replacement;threshold
B/relu2,ig_necessary,1183,contradicted,0/1,0/17,1/27,45,k;null;threshold
B/relu2,ig_necessary,704,contradicted,0/1,0/17,2/27,45,k;null;threshold
B/relu2,ig_necessary,87,contradicted,0/1,0/17,3/27,45,k;null;threshold
B/relu2,ig_necessary,787,contradicted,0/1,4/17,12/27,45,k;null;replacement;threshold
B/relu2,ig_necessary,522,contradicted,0/1,0/17,4/27,45,k;null;threshold
B/relu2,ig_necessary,283,contradicted,0/1,6/17,6/27,45,k;null;threshold
B/relu2,ig_necessary,344,contradicted,0/1,0/17,2/27,45,k;null;threshold
B/relu2,ig_necessary,1484,contradicted,0/1,2/17,4/27,45,k;null;replacement;threshold
B/relu2,ig_necessary,1170,contradicted,0/1,2/17,4/27,45,k;null;replacement;threshold
B/relu2,ig_necessary,817,contradicted,0/1,1/17,5/27,45,k;null;replacement;threshold
B/relu2,ig_necessary,126,contradicted,0/1,9/17,13/27,45,k;null;replacement;threshold
B/relu2,ig_necessary,1512,contradicted,0/1,6/17,5/27,45,k;replacement;threshold
B/relu2,ig_necessary,1356,contradicted,0/1,0/17,4/27,45,k;null;replacement;threshold
B/relu2,ig_necessary,1024,contradicted,0/1,5/17,11/27,45,k;null;replacement;threshold
B/relu2,ig_necessary,197,contradicted,0/1,1/17,4/27,45,k;null;replacement;threshold
B/relu2,ig_necessary,342,contradicted,0/1,1/17,5/27,45,k;null;replacement;threshold
B/relu2,ig_necessary,1640,contradicted,0/1,0/17,7/27,45,k;null;replacement;threshold
B/relu2,ig_necessary,1253,contradicted,0/1,0/17,5/27,45,k;null;replacement;threshold
B/relu2,ig_necessary,1329,contradicted,0/1,0/17,6/27,45,k;replacement
B/relu2,ig_necessary,1073,contradicted,0/1,8/17,8/27,45,k;null;replacement;threshold
B/relu2,ig_necessary,909,contradicted,0/1,2/17,5/27,45,k;null;replacement;threshold
B/relu2,ig_necessary,78,contradicted,0/1,0/17,5/27,45,k;null;replacement;threshold
B/relu2,ig_necessary,1230,contradicted,0/1,3/17,11/27,45,k;null;replacement;threshold
B/relu2,ig_necessary,1415,contradicted,0/1,2/17,7/27,45,k;null;replacement;threshold
B/relu2,ig_necessary,1626,contradicted,0/1,0/17,6/27,45,k;replacement
B/relu2,ig_necessary,1513,contradicted,0/1,6/17,6/27,45,k;null;replacement;threshold
B/relu2,ig_necessary,813,contradicted,0/1,0/17,5/27,45,k;null;replacement;threshold
B/relu2,ig_necessary,199,contradicted,0/1,8/17,10/27,45,k;null;replacement;threshold
B/relu2,ig_necessary,1455,contradicted,0/1,0/17,0/27,45,
B/relu2,ig_necessary,466,contradicted,0/1,1/17,6/27,45,k;null;replacement;threshold
B/relu2,ig_necessary,1787,contradicted,0/1,1/17,4/27,45,k;null;replacement;threshold
B/relu2,ig_necessary,1173,contradicted,0/1,1/17,5/27,45,k;null;replacement;threshold
B/relu2,ig_necessary,128,contradicted,0/1,0/17,7/27,45,k;null;replacement;threshold
B/relu2,ig_necessary,1487,contradicted,0/1,6/17,5/27,45,k;null;replacement;threshold
B/relu2,ig_necessary,1051,contradicted,0/1,7/17,5/27,45,k;replacement;threshold
B/relu2,r_necessary,716,contradicted,0/1,0/17,3/27,45,k;replacement
B/relu2,r_necessary,1135,contradicted,0/1,2/17,3/27,45,k;null;threshold
B/relu2,r_necessary,587,contradicted,0/1,0/17,0/27,45,
B/relu2,r_necessary,85,contradicted,0/1,0/17,1/27,45,k;null;threshold
B/relu2,r_necessary,1561,contradicted,0/1,0/17,0/27,45,
B/relu2,r_necessary,1332,contradicted,0/1,0/17,0/27,45,
B/relu2,r_necessary,1041,contradicted,0/1,0/17,1/27,45,k;null;threshold
B/relu2,r_necessary,1330,contradicted,0/1,0/17,1/27,45,k;null;threshold
B/relu2,r_necessary,677,contradicted,0/1,2/17,10/27,45,k;null
B/relu2,r_necessary,649,contradicted,0/1,0/17,1/27,45,k;null;threshold
B/relu2,r_necessary,1634,contradicted,0/1,0/17,2/27,45,k;null;threshold
B/relu2,r_necessary,862,contradicted,0/1,0/17,0/27,45,
B/relu2,r_necessary,949,contradicted,0/1,0/17,1/27,45,k;null;threshold
B/relu2,r_necessary,417,contradicted,0/1,2/17,8/27,45,k;null;replacement;threshold
B/relu2,r_necessary,652,contradicted,0/1,4/17,3/27,45,k;replacement;threshold
B/relu2,r_necessary,1224,contradicted,0/1,0/17,1/27,45,k;null;threshold
B/relu2,r_necessary,1352,contradicted,0/1,0/17,2/27,45,k;null;threshold
B/relu2,r_necessary,50,contradicted,0/1,0/17,0/27,45,
B/relu2,r_necessary,1333,contradicted,0/1,0/17,0/27,45,
B/relu2,r_necessary,766,contradicted,0/1,0/17,0/27,45,
B/relu2,r_necessary,1208,contradicted,0/1,0/17,2/27,45,k;null;threshold
B/relu2,r_necessary,772,contradicted,0/1,1/17,2/27,45,k;null;replacement;threshold
B/relu2,r_necessary,96,contradicted,0/1,0/17,0/27,45,
B/relu2,r_necessary,1579,contradicted,0/1,0/17,1/27,45,k;null;threshold
B/relu2,r_necessary,1532,contradicted,0/1,0/17,0/27,45,
B/relu2,r_necessary,1183,contradicted,0/1,0/17,2/27,45,k;null;threshold
B/relu2,r_necessary,704,contradicted,0/1,8/17,5/27,45,k;null;replacement;threshold
B/relu2,r_necessary,87,contradicted,0/1,0/14,0/20,35,
B/relu2,r_necessary,787,contradicted,0/1,0/17,0/27,45,
B/relu2,r_necessary,522,contradicted,0/1,2/17,1/27,45,k;null;replacement;threshold
B/relu2,r_necessary,283,contradicted,0/1,0/17,0/27,45,
B/relu2,r_necessary,344,contradicted,0/1,0/17,2/27,45,k;null;threshold
B/relu2,r_necessary,1484,contradicted,0/1,8/17,4/27,45,k;null;replacement;threshold
B/relu2,r_necessary,1170,contradicted,0/1,0/14,0/20,35,
B/relu2,r_necessary,817,contradicted,0/1,0/17,0/27,45,
B/relu2,r_necessary,126,contradicted,0/1,0/14,0/20,35,
B/relu2,r_necessary,1512,contradicted,0/1,0/17,2/27,45,k;null;replacement;threshold
B/relu2,r_necessary,1356,contradicted,0/1,0/17,0/27,45,
B/relu2,r_necessary,1024,contradicted,0/1,0/17,0/27,45,
B/relu2,r_necessary,197,contradicted,0/1,2/17,1/27,45,k;replacement;threshold
B/relu2,r_necessary,342,contradicted,0/1,0/17,1/27,45,k;null;threshold
B/relu2,r_necessary,1640,contradicted,0/1,0/17,2/27,45,k;null;threshold
B/relu2,r_necessary,1253,contradicted,0/1,0/17,0/27,45,
B/relu2,r_necessary,1329,contradicted,0/1,0/17,4/27,45,k;null;replacement;threshold
B/relu2,r_necessary,1073,contradicted,0/1,0/17,1/27,45,k;null;threshold
B/relu2,r_necessary,909,contradicted,0/1,0/17,1/27,45,k;null;threshold
B/relu2,r_necessary,78,contradicted,0/1,0/17,1/27,45,k;null;threshold
B/relu2,r_necessary,1230,contradicted,0/1,0/14,1/20,35,k;null;threshold
B/relu2,r_necessary,1415,contradicted,0/1,0/14,1/20,35,k;null;threshold
B/relu2,r_necessary,1626,contradicted,0/1,0/17,1/27,45,k;null;threshold
B/relu2,r_necessary,1513,contradicted,0/1,0/17,0/27,45,
B/relu2,r_necessary,813,contradicted,0/1,0/17,6/27,45,k;null;replacement;threshold
B/relu2,r_necessary,199,contradicted,0/1,0/17,0/27,45,
B/relu2,r_necessary,1455,contradicted,0/1,3/17,4/27,45,k;null;replacement;threshold
B/relu2,r_necessary,466,contradicted,0/1,2/14,3/20,35,k;null;replacement;threshold
B/relu2,r_necessary,1787,contradicted,0/1,0/14,1/20,35,k;null;threshold
B/relu2,r_necessary,1173,contradicted,0/1,0/17,1/27,45,k;null;threshold
B/relu2,r_necessary,128,contradicted,0/1,2/17,3/27,45,k;null;replacement;threshold
B/relu2,r_necessary,1487,contradicted,0/1,0/17,0/27,45,
B/relu2,r_necessary,1051,contradicted,0/1,0/17,1/27,45,k;null;threshold
B/relu2,g_necessary,716,contradicted,0/1,0/17,2/27,45,k;null;threshold
B/relu2,g_necessary,1135,contradicted,0/1,1/17,2/27,45,k;null;threshold
B/relu2,g_necessary,587,contradicted,0/1,0/17,4/27,45,k;null;replacement;threshold
B/relu2,g_necessary,85,contradicted,0/1,1/17,1/27,45,k;null;replacement;threshold
B/relu2,g_necessary,1561,contradicted,0/1,0/17,5/27,45,k;null;threshold
B/relu2,g_necessary,1332,contradicted,0/1,0/17,0/27,45,
B/relu2,g_necessary,1041,contradicted,0/1,4/17,6/27,45,k;null;replacement;threshold
B/relu2,g_necessary,1330,contradicted,0/1,0/17,1/27,45,k;null;threshold
B/relu2,g_necessary,677,contradicted,0/1,4/17,10/27,45,k;null;replacement;threshold
B/relu2,g_necessary,649,contradicted,0/1,0/17,1/27,45,k;null;threshold
B/relu2,g_necessary,1634,contradicted,0/1,0/17,2/27,45,k;null;threshold
B/relu2,g_necessary,862,contradicted,0/1,2/17,3/27,45,k;null;replacement;threshold
B/relu2,g_necessary,949,contradicted,0/1,0/17,1/27,45,k;null;threshold
B/relu2,g_necessary,417,contradicted,0/1,0/17,3/27,45,k;null;threshold
B/relu2,g_necessary,652,contradicted,0/1,3/17,2/27,45,k;null;replacement;threshold
B/relu2,g_necessary,1224,contradicted,0/1,0/17,1/27,45,k;null;threshold
B/relu2,g_necessary,1352,contradicted,0/1,0/17,2/27,45,k;null;threshold
B/relu2,g_necessary,50,contradicted,0/1,7/17,6/27,45,k;null;replacement;threshold
B/relu2,g_necessary,1333,contradicted,0/1,2/17,1/27,45,k;replacement;threshold
B/relu2,g_necessary,766,contradicted,0/1,0/17,5/27,45,k;null;replacement;threshold
B/relu2,g_necessary,1208,contradicted,0/1,0/17,1/27,45,k;null;threshold
B/relu2,g_necessary,772,contradicted,0/1,5/17,1/27,45,k;replacement;threshold
B/relu2,g_necessary,96,contradicted,0/1,0/17,0/27,45,
B/relu2,g_necessary,1579,contradicted,0/1,5/17,4/27,45,k;null;replacement;threshold
B/relu2,g_necessary,1532,contradicted,0/1,1/17,1/27,45,k;null;replacement;threshold
B/relu2,g_necessary,1183,contradicted,0/1,0/17,1/27,45,k;null;threshold
B/relu2,g_necessary,704,contradicted,0/1,0/17,1/27,45,k;null;threshold
B/relu2,g_necessary,87,contradicted,0/1,0/17,1/27,45,k;null;threshold
B/relu2,g_necessary,787,contradicted,0/1,0/17,1/27,45,k;null;threshold
B/relu2,g_necessary,522,contradicted,0/1,0/17,1/27,45,k;null;threshold
B/relu2,g_necessary,283,contradicted,0/1,0/17,1/27,45,k;null;threshold
B/relu2,g_necessary,344,contradicted,0/1,3/17,1/27,45,k;null;replacement;threshold
B/relu2,g_necessary,1484,contradicted,0/1,2/17,3/27,45,k;null;threshold
B/relu2,g_necessary,1170,contradicted,0/1,0/17,0/27,45,
B/relu2,g_necessary,817,contradicted,0/1,5/17,5/27,45,k;null;replacement;threshold
B/relu2,g_necessary,126,contradicted,0/1,4/17,6/27,45,k;null;replacement;threshold
B/relu2,g_necessary,1512,contradicted,0/1,0/17,1/27,45,k;null;threshold
B/relu2,g_necessary,1356,contradicted,0/1,4/17,3/27,45,k;null;replacement;threshold
B/relu2,g_necessary,1024,contradicted,0/1,1/17,3/27,45,k;null;replacement;threshold
B/relu2,g_necessary,197,contradicted,0/1,0/17,1/27,45,k;null;threshold
B/relu2,g_necessary,342,contradicted,0/1,0/17,1/27,45,k;null;threshold
B/relu2,g_necessary,1640,contradicted,0/1,8/17,3/27,45,k;null;replacement;threshold
B/relu2,g_necessary,1253,contradicted,0/1,0/17,0/27,45,
B/relu2,g_necessary,1329,contradicted,0/1,0/17,3/27,45,k;null;threshold
B/relu2,g_necessary,1073,contradicted,0/1,0/17,1/27,45,k;null;threshold
B/relu2,g_necessary,909,contradicted,0/1,0/17,1/27,45,k;null;threshold
B/relu2,g_necessary,78,contradicted,0/1,0/17,0/27,45,
B/relu2,g_necessary,1230,contradicted,0/1,0/17,1/27,45,k;null;threshold
B/relu2,g_necessary,1415,contradicted,0/1,3/17,1/27,45,k;null;replacement;threshold
B/relu2,g_necessary,1626,contradicted,0/1,0/17,3/27,45,k;null;threshold
B/relu2,g_necessary,1513,contradicted,0/1,0/17,0/27,45,
B/relu2,g_necessary,813,contradicted,0/1,1/17,3/27,45,k;null;replacement;threshold
B/relu2,g_necessary,199,contradicted,0/1,0/17,0/27,45,
B/relu2,g_necessary,1455,contradicted,0/1,3/17,0/27,45,k;replacement;threshold
B/relu2,g_necessary,466,contradicted,0/1,0/17,1/27,45,k;null;threshold
B/relu2,g_necessary,1787,contradicted,0/1,5/17,7/27,45,k;null;replacement;threshold
B/relu2,g_necessary,1173,contradicted,0/1,2/17,1/27,45,k;replacement;threshold
B/relu2,g_necessary,128,supported,1/1,5/17,7/27,45,k;null;replacement;threshold
B/relu2,g_necessary,1487,contradicted,0/1,1/17,1/27,45,k;null;threshold
B/relu2,g_necessary,1051,contradicted,0/1,0/17,0/27,45,
C/tokens,ig_necessary,300,contradicted,0/1,0/17,0/27,45,
C/tokens,ig_necessary,21,contradicted,0/1,9/17,12/27,45,k;replacement;threshold
C/tokens,ig_necessary,432,supported,1/1,3/17,12/27,45,k;null;threshold
C/tokens,ig_necessary,326,contradicted,0/1,0/17,0/27,45,
C/tokens,ig_necessary,507,supported,1/1,3/17,12/27,45,k;null;replacement;threshold
C/tokens,ig_necessary,346,contradicted,0/1,3/17,2/27,45,k;threshold
C/tokens,ig_necessary,388,supported,1/1,7/17,8/27,45,k;null;replacement;threshold
C/tokens,ig_necessary,497,supported,1/1,7/17,19/27,45,k;null
C/tokens,ig_necessary,572,supported,1/1,3/17,12/27,45,k;null;threshold
C/tokens,ig_necessary,550,contradicted,0/1,8/17,6/27,45,k;null;threshold
C/tokens,ig_necessary,780,supported,1/1,13/17,21/27,45,k;null;threshold
C/tokens,ig_necessary,635,contradicted,0/1,0/11,3/18,30,k;null;threshold
C/tokens,ig_necessary,848,contradicted,0/1,3/17,2/27,45,k;threshold
C/tokens,ig_necessary,454,contradicted,0/1,0/17,3/27,45,k;null
C/tokens,ig_necessary,601,supported,1/1,3/11,9/18,30,k;null;threshold
C/tokens,ig_necessary,285,contradicted,0/1,0/17,5/27,45,k;null;threshold
C/tokens,ig_necessary,48,supported,1/1,9/17,15/27,45,k;null;replacement;threshold
C/tokens,ig_necessary,178,contradicted,0/1,4/17,14/27,45,k;null
C/tokens,ig_necessary,227,supported,1/1,11/17,10/27,45,k;null;threshold
C/tokens,ig_necessary,321,contradicted,0/1,4/11,10/18,30,k;null;threshold
C/tokens,ig_necessary,684,contradicted,0/1,0/17,1/27,45,k;null;threshold
C/tokens,ig_necessary,32,contradicted,0/1,0/11,0/18,30,
C/tokens,ig_necessary,363,contradicted,0/1,9/17,14/27,45,k;null;replacement;threshold
C/tokens,ig_necessary,226,contradicted,0/1,0/17,9/27,45,null
C/tokens,ig_necessary,103,contradicted,0/1,6/17,6/27,45,null;threshold
C/tokens,ig_necessary,457,contradicted,0/1,0/17,0/27,45,
C/tokens,ig_necessary,316,contradicted,0/1,3/17,3/27,45,k;replacement;threshold
C/tokens,ig_necessary,753,supported,1/1,7/17,17/27,45,k;null;threshold
C/tokens,ig_necessary,670,supported,1/1,3/17,11/27,45,k;null
C/tokens,ig_necessary,764,contradicted,0/1,4/17,8/27,45,k;null
C/tokens,ig_necessary,751,contradicted,0/1,0/11,4/18,30,k;null;threshold
C/tokens,ig_necessary,693,supported,1/1,14/17,15/27,45,k;threshold
C/tokens,ig_necessary,468,contradicted,0/1,6/17,3/27,45,k;null;replacement;threshold
C/tokens,ig_necessary,690,contradicted,0/1,3/17,3/27,45,k;replacement;threshold
C/tokens,ig_necessary,148,supported,1/1,9/17,17/27,45,k;null
C/tokens,ig_necessary,515,contradicted,0/1,0/17,3/27,45,k;null;threshold
C/tokens,ig_necessary,469,contradicted,0/1,3/17,3/27,45,k;replacement;threshold
C/tokens,ig_necessary,10,contradicted,0/1,0/17,0/27,45,
C/tokens,ig_necessary,662,supported,1/1,3/17,13/27,45,k;null;threshold
C/tokens,ig_necessary,238,contradicted,0/1,4/17,12/27,45,k;null;threshold
C/tokens,r_necessary,300,contradicted,0/1,4/17,14/27,45,k;null
C/tokens,r_necessary,21,contradicted,0/1,0/17,0/27,45,
C/tokens,r_necessary,432,contradicted,0/1,0/17,3/27,45,k;null
C/tokens,r_necessary,326,contradicted,0/1,0/17,0/27,45,
C/tokens,r_necessary,507,contradicted,0/1,0/17,1/27,45,k;null;threshold
C/tokens,r_necessary,346,contradicted,0/1,0/17,0/27,45,
C/tokens,r_necessary,388,contradicted,0/1,0/17,0/27,45,
C/tokens,r_necessary,497,contradicted,0/1,0/17,0/27,45,
C/tokens,r_necessary,572,contradicted,0/1,1/17,1/27,45,k;null;threshold
C/tokens,r_necessary,550,contradicted,0/1,0/17,0/27,45,
C/tokens,r_necessary,780,contradicted,0/1,0/17,0/27,45,
C/tokens,r_necessary,635,contradicted,0/1,0/11,2/18,30,null;threshold
C/tokens,r_necessary,848,contradicted,0/1,0/17,0/27,45,
C/tokens,r_necessary,454,contradicted,0/1,0/17,1/27,45,k;null;threshold
C/tokens,r_necessary,601,contradicted,0/1,0/11,5/18,30,k;null;threshold
C/tokens,r_necessary,285,contradicted,0/1,0/17,0/27,45,
C/tokens,r_necessary,48,contradicted,0/1,2/17,3/27,45,k;null;threshold
C/tokens,r_necessary,178,contradicted,0/1,0/17,0/27,45,
C/tokens,r_necessary,227,contradicted,0/1,0/17,0/27,45,
C/tokens,r_necessary,321,contradicted,0/1,0/11,0/18,30,
C/tokens,r_necessary,684,contradicted,0/1,0/17,0/27,45,
C/tokens,r_necessary,32,contradicted,0/1,0/11,0/18,30,
C/tokens,r_necessary,363,contradicted,0/1,0/17,0/27,45,
C/tokens,r_necessary,226,contradicted,0/1,0/17,0/27,45,
C/tokens,r_necessary,103,contradicted,0/1,0/17,0/27,45,
C/tokens,r_necessary,457,contradicted,0/1,0/17,0/27,45,
C/tokens,r_necessary,316,contradicted,0/1,0/17,0/27,45,
C/tokens,r_necessary,753,contradicted,0/1,6/17,9/27,45,k
C/tokens,r_necessary,670,contradicted,0/1,0/17,0/27,45,
C/tokens,r_necessary,764,contradicted,0/1,0/17,0/27,45,
C/tokens,r_necessary,751,contradicted,0/1,0/11,0/18,30,
C/tokens,r_necessary,693,contradicted,0/1,0/17,0/27,45,
C/tokens,r_necessary,468,contradicted,0/1,0/17,0/27,45,
C/tokens,r_necessary,690,contradicted,0/1,0/17,0/27,45,
C/tokens,r_necessary,148,contradicted,0/1,0/17,0/27,45,
C/tokens,r_necessary,515,contradicted,0/1,0/17,2/27,45,k;null;threshold
C/tokens,r_necessary,469,contradicted,0/1,0/17,0/27,45,
C/tokens,r_necessary,10,contradicted,0/1,0/17,0/27,45,
C/tokens,r_necessary,662,contradicted,0/1,2/17,7/27,45,k;null
C/tokens,r_necessary,238,contradicted,0/1,0/17,0/27,45,
C/tokens,g_necessary,300,contradicted,0/1,0/17,0/27,45,
C/tokens,g_necessary,21,contradicted,0/1,0/17,0/27,45,
C/tokens,g_necessary,432,supported,1/1,3/17,12/27,45,k;null;threshold
C/tokens,g_necessary,326,contradicted,0/1,0/17,0/27,45,
C/tokens,g_necessary,507,supported,1/1,4/17,12/27,45,k;null;replacement;threshold
C/tokens,g_necessary,346,contradicted,0/1,3/17,2/27,45,k;threshold
C/tokens,g_necessary,388,contradicted,0/1,6/17,13/27,45,k;null;threshold
C/tokens,g_necessary,497,supported,1/1,13/17,25/27,45,k;null
C/tokens,g_necessary,572,supported,1/1,7/17,17/27,45,k;null;threshold
C/tokens,g_necessary,550,contradicted,0/1,6/17,4/27,45,k;threshold
C/tokens,g_necessary,780,supported,1/1,7/17,16/27,45,k;null;replacement
C/tokens,g_necessary,635,contradicted,0/1,0/11,3/18,30,k;null;threshold
C/tokens,g_necessary,848,contradicted,0/1,3/17,2/27,45,k;threshold
C/tokens,g_necessary,454,contradicted,0/1,0/17,0/27,45,
C/tokens,g_necessary,601,supported,1/1,3/11,9/18,30,k;null;threshold
C/tokens,g_necessary,285,contradicted,0/1,0/17,5/27,45,k;null;threshold
C/tokens,g_necessary,48,supported,1/1,9/17,14/27,45,k;null;replacement;threshold
C/tokens,g_necessary,178,contradicted,0/1,4/17,14/27,45,k;null
C/tokens,g_necessary,227,contradicted,0/1,2/17,2/27,45,k;null;threshold
C/tokens,g_necessary,321,contradicted,0/1,4/11,10/18,30,k;null;threshold
C/tokens,g_necessary,684,contradicted,0/1,2/17,3/27,45,k;null;threshold
C/tokens,g_necessary,32,contradicted,0/1,0/11,0/18,30,
C/tokens,g_necessary,363,contradicted,0/1,9/17,12/27,45,k;replacement;threshold
C/tokens,g_necessary,226,contradicted,0/1,0/17,9/27,45,null
C/tokens,g_necessary,103,supported,1/1,6/17,8/27,45,k;null;replacement;threshold
C/tokens,g_necessary,457,contradicted,0/1,0/17,0/27,45,
C/tokens,g_necessary,316,contradicted,0/1,0/17,0/27,45,
C/tokens,g_necessary,753,supported,1/1,13/17,25/27,45,k;null
C/tokens,g_necessary,670,contradicted,0/1,0/17,1/27,45,k;null;threshold
C/tokens,g_necessary,764,contradicted,0/1,4/17,11/27,45,k;null
C/tokens,g_necessary,751,contradicted,0/1,0/11,4/18,30,k;null;threshold
C/tokens,g_necessary,693,contradicted,0/1,0/17,0/27,45,
C/tokens,g_necessary,468,contradicted,0/1,0/17,0/27,45,
C/tokens,g_necessary,690,contradicted,0/1,0/17,0/27,45,
C/tokens,g_necessary,148,supported,1/1,9/17,17/27,45,k;null
C/tokens,g_necessary,515,contradicted,0/1,0/17,3/27,45,k;null;threshold
C/tokens,g_necessary,469,contradicted,0/1,0/17,1/27,45,k;replacement;threshold
C/tokens,g_necessary,10,contradicted,0/1,0/17,0/27,45,
C/tokens,g_necessary,662,contradicted,0/1,0/17,5/27,45,k;null;threshold
C/tokens,g_necessary,238,contradicted,0/1,4/17,10/27,45,k;null;threshold
