model,quantity,estimate,low,high,level,n
C,delete|cos,0.02764,0.02081,0.03551,0.95,40
C,delete|dmargin,0.3872,0.2912,0.4931,0.95,40
C,delete|flip,0.06008,0.01894,0.1162,0.95,40
C,delete|kl,0.04326,0.02081,0.06973,0.95,40
C,delete|ood,43.41,35.12,51.91,0.95,40
C,mask|cos,0.01525,0.009798,0.02195,0.95,40
C,mask|dmargin,0.2548,0.1851,0.3353,0.95,40
C,mask|flip,0.0304,0.01047,0.05851,0.95,40
C,mask|kl,0.0376,0.01575,0.06367,0.95,40
C,mask|ood,44.58,36.27,52.96,0.95,40
C,ood_delete_minus_mask,-1.166,-3.54,1.116,0.95,40
C,ood_pad_minus_mask,-0.00132,-0.2534,0.3449,0.95,40
C,ood_zero_minus_mask,-0.4083,-0.8506,-0.003873,0.95,40
C,pad|cos,0.01514,0.009729,0.02179,0.95,40
C,pad|dmargin,0.2544,0.1849,0.3345,0.95,40
C,pad|flip,0.02762,0.0104,0.05012,0.95,40
C,pad|kl,0.03709,0.01552,0.06278,0.95,40
C,pad|ood,44.57,36.31,52.91,0.95,40
C,special_cls|mask_minus_interior,-0.167,-0.239,-0.1061,0.95,40
C,special_cls|zero_minus_interior,-0.2239,-0.3018,-0.1563,0.95,40
C,special_sep|mask_minus_interior,-0.178,-0.252,-0.1164,0.95,40
C,special_sep|zero_minus_interior,-0.1672,-0.2455,-0.1036,0.95,40
C,unk|cos,0.01554,0.01018,0.02209,0.95,40
C,unk|dmargin,0.2677,0.1968,0.3504,0.95,40
C,unk|flip,0.03084,0.01077,0.05658,0.95,40
C,unk|kl,0.03618,0.01568,0.06051,0.95,40
C,unk|ood,44.89,36.58,53.28,0.95,40
C,zero|cos,0.01514,0.009715,0.02185,0.95,40
C,zero|dmargin,0.265,0.1947,0.3452,0.95,40
C,zero|flip,0.03449,0.011,0.06888,0.95,40
C,zero|kl,0.03703,0.01558,0.06272,0.95,40
C,zero|ood,44.17,35.92,52.49,0.95,40
D,delete|cos,0.0411,0.0284,0.05683,0.95,40
D,delete|dmargin,0.5844,0.4196,0.7718,0.95,40
D,delete|flip,0.02175,0.007738,0.03906,0.95,40
D,delete|kl,0.09725,0.03132,0.1845,0.95,40
D,delete|ood,48.05,40.5,55.69,0.95,40
D,mask|cos,0.0568,0.04118,0.07581,0.95,40
D,mask|dmargin,0.7123,0.5782,0.8615,0.95,40
D,mask|flip,0.02765,0.00992,0.04926,0.95,40
D,mask|kl,0.06442,0.02091,0.1211,0.95,40
D,mask|ood,53.11,45.4,60.75,0.95,40
D,ood_delete_minus_mask,-5.059,-6.388,-3.814,0.95,40
D,ood_pad_minus_mask,-4.471,-5.757,-3.225,0.95,40
D,ood_zero_minus_mask,-5.532,-7.105,-4.044,0.95,40
D,pad|cos,0.03292,0.0225,0.04597,0.95,40
D,pad|dmargin,0.5464,0.3899,0.7283,0.95,40
D,pad|flip,0.01996,0.006494,0.03626,0.95,40
D,pad|kl,0.06737,0.02123,0.1283,0.95,40
D,pad|ood,48.64,40.87,56.44,0.95,40
D,special_cls|mask_minus_interior,-0.479,-0.5934,-0.3804,0.95,40
D,special_cls|zero_minus_interior,-0.5701,-0.7546,-0.4095,0.95,40
D,special_sep|mask_minus_interior,2.118,1.47,2.817,0.95,40
D,special_sep|zero_minus_interior,1.837,1.195,2.505,0.95,40
D,unk|cos,0.05953,0.04588,0.07506,0.95,40
D,unk|dmargin,0.7436,0.5602,0.9493,0.95,40
D,unk|flip,0.04074,0.01496,0.0721,0.95,40
D,unk|kl,0.1081,0.042,0.1901,0.95,40
D,unk|ood,50.64,44.0,57.28,0.95,40
D,zero|cos,0.04003,0.02899,0.0526,0.95,40
D,zero|dmargin,0.6086,0.4388,0.8037,0.95,40
D,zero|flip,0.02909,0.009301,0.05381,0.95,40
D,zero|kl,0.07826,0.03011,0.1384,0.95,40
D,zero|ood,47.58,39.92,55.19,0.95,40
E,delete|cos,0.02785,0.02142,0.03472,0.95,40
E,delete|dmargin,0.8889,0.73,1.06,0.95,40
E,delete|flip,0.05789,0.03661,0.08133,0.95,40
E,delete|kl,0.201,0.1263,0.2848,0.95,40
E,delete|ood,52.38,44.04,60.59,0.95,40
E,mask|cos,0.02328,0.0178,0.02908,0.95,40
E,mask|dmargin,0.724,0.5964,0.8659,0.95,40
E,mask|flip,0.05336,0.03356,0.07594,0.95,40
E,mask|kl,0.1546,0.09593,0.22,0.95,40
E,mask|ood,51.27,42.76,59.6,0.95,40
E,ood_delete_minus_mask,1.108,0.02952,2.266,0.95,40
E,ood_pad_minus_mask,0.005901,-0.375,0.386,0.95,40
E,ood_zero_minus_mask,1.521,0.4796,2.595,0.95,40
E,pad|cos,0.02396,0.01831,0.02993,0.95,40
E,pad|dmargin,0.7366,0.6066,0.8792,0.95,40
E,pad|flip,0.04838,0.03134,0.06659,0.95,40
E,pad|kl,0.1536,0.09597,0.2179,0.95,40
E,pad|ood,51.27,42.68,59.68,0.95,40
E,special_cls|mask_minus_interior,-0.681,-0.8239,-0.5532,0.95,40
E,special_cls|zero_minus_interior,-0.8501,-1.01,-0.7017,0.95,40
E,special_sep|mask_minus_interior,-0.2894,-0.4564,-0.133,0.95,40
E,special_sep|zero_minus_interior,-0.2257,-0.4416,-0.004963,0.95,40
E,unk|cos,0.04036,0.03103,0.05083,0.95,40
E,unk|dmargin,1.127,0.9312,1.337,0.95,40
E,unk|flip,0.07499,0.0487,0.1039,0.95,40
E,unk|kl,0.1993,0.1321,0.2731,0.95,40
E,unk|ood,55.55,48.43,62.53,0.95,40
E,zero|cos,0.02866,0.02228,0.03546,0.95,40
E,zero|dmargin,0.8777,0.7305,1.038,0.95,40
E,zero|flip,0.05171,0.03436,0.06971,0.95,40
E,zero|kl,0.1688,0.111,0.2319,0.95,40
E,zero|ood,52.79,44.82,60.64,0.95,40
