component,truth,supported,n
ho_both_1_2/l0_h0,known_true,29,40
ho_both_1_2/l0_h1,known_true,32,40
ho_both_1_2/l0_mlp,known_true,38,40
ho_copy_1_3/l0_h0,known_true,32,40
ho_copy_1_3/l0_h1,known_false,0,40
ho_copy_1_3/l0_mlp,known_true,32,40
ho_copy_2_1/l0_h0,known_true,32,40
ho_copy_2_1/l0_h1,known_false,0,40
ho_copy_2_1/l0_mlp,known_true,32,40
ho_corr_1/l0_h0,known_true,29,40
ho_corr_1/l0_mlp,known_false,0,40
ho_corr_1/l1_h0,known_false,0,40
ho_corr_1/l1_mlp,known_true,29,40
ho_corr_2/l0_h0,known_true,28,40
ho_corr_2/l0_mlp,known_false,0,40
ho_corr_2/l1_h0,known_false,0,40
ho_corr_2/l1_mlp,known_true,28,40
ho_deep/l0_h0,known_false,0,40
ho_deep/l0_h1,known_true,34,40
ho_deep/l0_h2,known_false,0,40
ho_deep/l0_mlp,known_true,34,40
ho_deep/l1_h0,known_true,34,40
ho_deep/l1_h1,empty,0,40
ho_deep/l1_h2,empty,0,40
ho_deep/l1_mlp,known_true,34,40
ho_map_decoy_2/l0_h0,known_true,28,40
ho_map_decoy_2/l0_mlp,known_false,0,40
ho_map_decoy_2/l1_h0,empty,0,40
ho_map_decoy_2/l1_mlp,known_true,28,40
ho_swap_1_3/l0_h0,known_false,0,40
ho_swap_1_3/l0_h1,known_true,29,40
ho_swap_1_3/l0_mlp,known_true,29,40
