use_weight,output_scale,concept,truth,abs_rule,rel_rule,effect,rel_min_change
0.0,0.01,used,not_used,proposed_concept,proposed_concept,0.0,0.0019671175628900527
0.0,0.01,decodable_unused,not_used,proposed_concept,proposed_concept,0.0,0.0019671175628900527
0.0,0.01,negative,not_used,proposed_concept,proposed_concept,0.0,0.0019671175628900527
0.0,0.1,used,not_used,proposed_concept,proposed_concept,0.0,0.01967117637395859
0.0,0.1,decodable_unused,not_used,proposed_concept,proposed_concept,0.0,0.01967117637395859
0.0,0.1,negative,not_used,proposed_concept,proposed_concept,0.0,0.01967117637395859
0.0,1.0,used,not_used,proposed_concept,proposed_concept,0.0,0.19671176671981813
0.0,1.0,decodable_unused,not_used,proposed_concept,proposed_concept,0.0,0.19671176671981813
0.0,1.0,negative,not_used,proposed_concept,proposed_concept,0.0,0.19671176671981813
0.0,10.0,used,not_used,proposed_concept,proposed_concept,0.0,1.9671176910400392
0.0,10.0,decodable_unused,not_used,proposed_concept,proposed_concept,0.0,1.9671176910400392
0.0,10.0,negative,not_used,proposed_concept,proposed_concept,0.0,1.9671176910400392
0.0,100.0,used,not_used,proposed_concept,proposed_concept,0.0,19.67117614746094
0.0,100.0,decodable_unused,not_used,proposed_concept,proposed_concept,0.0,19.67117614746094
0.0,100.0,negative,not_used,proposed_concept,proposed_concept,0.0,19.67117614746094
0.1,0.01,used,used,proposed_concept,proposed_concept,-0.0007649274162499101,0.001981445588171482
0.1,0.01,decodable_unused,not_used,proposed_concept,proposed_concept,0.0,0.001981445588171482
0.1,0.01,negative,not_used,proposed_concept,proposed_concept,4.6106303251986756e-05,0.001981445588171482
0.1,0.1,used,used,proposed_concept,proposed_concept,-0.007649273770785302,0.019814456999301913
0.1,0.1,decodable_unused,not_used,proposed_concept,proposed_concept,0.0,0.019814456999301913
0.1,0.1,negative,not_used,proposed_concept,proposed_concept,0.00046106340874410285,0.019814456999301913
0.1,1.0,used,used,proposed_concept,proposed_concept,-0.07649273972730247,0.19814456701278688
0.1,1.0,decodable_unused,not_used,proposed_concept,proposed_concept,0.0,0.19814456701278688
0.1,1.0,negative,not_used,proposed_concept,proposed_concept,0.004610634368342044,0.19814456701278688
0.1,10.0,used,used,validated_concept,proposed_concept,-0.7649274179521872,1.9814456939697267
0.1,10.0,decodable_unused,not_used,proposed_concept,proposed_concept,0.0,1.9814456939697267
0.1,10.0,negative,not_used,proposed_concept,proposed_concept,0.04610636222354147,1.9814456939697267
0.1,100.0,used,used,validated_concept,proposed_concept,-7.649274032943103,19.814456176757815
0.1,100.0,decodable_unused,not_used,proposed_concept,proposed_concept,0.0,19.814456176757815
0.1,100.0,negative,not_used,proposed_concept,proposed_concept,0.46106344578641184,19.814456176757815
0.25,0.01,used,used,proposed_concept,proposed_concept,-0.0019123183100585878,0.0020414218306541443
0.25,0.01,decodable_unused,not_used,proposed_concept,proposed_concept,0.0,0.0020414218306541443
0.25,0.01,negative,not_used,proposed_concept,proposed_concept,0.00011526594187855378,0.0020414218306541443
0.25,0.1,used,used,proposed_concept,proposed_concept,-0.019123183845183623,0.020414219796657564
0.25,0.1,decodable_unused,not_used,proposed_concept,proposed_concept,0.0,0.020414219796657564
0.25,0.1,negative,not_used,proposed_concept,proposed_concept,0.0011526591654963728,0.020414219796657564
0.25,1.0,used,used,validated_concept,proposed_concept,-0.19123183787629314,0.2041421890258789
0.25,1.0,decodable_unused,not_used,proposed_concept,proposed_concept,0.0,0.2041421890258789
0.25,1.0,negative,not_used,proposed_concept,proposed_concept,0.011526593489813084,0.2041421890258789
0.25,10.0,used,used,validated_concept,proposed_concept,-1.9123183653062703,2.041421890258789
0.25,10.0,decodable_unused,not_used,proposed_concept,proposed_concept,0.0,2.041421890258789
0.25,10.0,negative,not_used,proposed_concept,proposed_concept,0.1152659280727921,2.041421890258789
0.25,100.0,used,used,validated_concept,proposed_concept,-19.123183854988643,20.414219665527344
0.25,100.0,decodable_unused,not_used,proposed_concept,proposed_concept,0.0,20.414219665527344
0.25,100.0,negative,not_used,proposed_concept,proposed_concept,1.1526591317372377,20.414219665527344
0.5,0.01,used,used,proposed_concept,validated_concept,-0.0038246367242821605,0.002233077213168144
0.5,0.01,decodable_unused,not_used,proposed_concept,proposed_concept,0.0,0.002233077213168144
0.5,0.01,negative,not_used,proposed_concept,proposed_concept,0.00023053193055009902,0.002233077213168144
0.5,0.1,used,used,proposed_concept,validated_concept,-0.038246368583082696,0.022330774366855623
0.5,0.1,decodable_unused,not_used,proposed_concept,proposed_concept,0.0,0.022330774366855623
0.5,0.1,negative,not_used,proposed_concept,proposed_concept,0.002305318821997256,0.022330774366855623
0.5,1.0,used,used,validated_concept,validated_concept,-0.3824636802001267,0.22330772876739502
0.5,1.0,decodable_unused,not_used,proposed_concept,proposed_concept,0.0,0.22330772876739502
0.5,1.0,negative,not_used,proposed_concept,proposed_concept,0.02305318987692884,0.22330772876739502
0.5,10.0,used,used,validated_concept,validated_concept,-3.824636796299292,2.2330772399902346
0.5,10.0,decodable_unused,not_used,proposed_concept,proposed_concept,0.0,2.2330772399902346
0.5,10.0,negative,not_used,proposed_concept,proposed_concept,0.23053185703504955,2.2330772399902346
0.5,100.0,used,used,validated_concept,validated_concept,-38.24636758590231,22.33077392578125
0.5,100.0,decodable_unused,not_used,proposed_concept,proposed_concept,0.0,22.33077392578125
0.5,100.0,negative,not_used,proposed_concept,proposed_concept,2.305319182825892,22.33077392578125
1.0,0.01,used,used,proposed_concept,validated_concept,-0.007649273374319856,0.0028616836294531826
1.0,0.01,decodable_unused,not_used,proposed_concept,proposed_concept,0.0,0.0028616836294531826
1.0,0.01,negative,not_used,proposed_concept,proposed_concept,0.00046106367555305984,0.0028616836294531826
1.0,0.1,used,used,proposed_concept,validated_concept,-0.07649273725704062,0.028616836667060854
1.0,0.1,decodable_unused,not_used,proposed_concept,proposed_concept,0.0,0.028616836667060854
1.0,0.1,negative,not_used,proposed_concept,proposed_concept,0.004610637010740943,0.028616836667060854
1.0,1.0,used,used,validated_concept,validated_concept,-0.7649273591078057,0.28616836071014407
1.0,1.0,decodable_unused,not_used,proposed_concept,proposed_concept,0.0,0.28616836071014407
1.0,1.0,negative,not_used,proposed_concept,proposed_concept,0.04610637151714665,0.28616836071014407
1.0,10.0,used,used,validated_concept,validated_concept,-7.649273612669536,2.8616836547851565
1.0,10.0,decodable_unused,not_used,proposed_concept,proposed_concept,0.0,2.8616836547851565
1.0,10.0,negative,not_used,proposed_concept,proposed_concept,0.4610636801343788,2.8616836547851565
1.0,100.0,used,used,validated_concept,validated_concept,-76.4927352557377,28.616836547851562
1.0,100.0,decodable_unused,not_used,proposed_concept,proposed_concept,0.0,28.616836547851562
1.0,100.0,negative,not_used,proposed_concept,proposed_concept,4.610637439268358,28.616836547851562
4.0,0.01,used,used,proposed_concept,validated_concept,-0.030597093697294013,0.008438049256801606
4.0,0.01,decodable_unused,not_used,proposed_concept,proposed_concept,0.0,0.008438049256801606
4.0,0.01,negative,not_used,proposed_concept,proposed_concept,0.0018442549727409273,0.008438049256801606
4.0,0.1,used,used,validated_concept,validated_concept,-0.30597094864090335,0.0843804955482483
4.0,0.1,decodable_unused,not_used,proposed_concept,proposed_concept,0.0,0.0843804955482483
4.0,0.1,negative,not_used,proposed_concept,proposed_concept,0.018442551373390303,0.0843804955482483
4.0,1.0,used,used,validated_concept,validated_concept,-3.0597094367733417,0.8438049316406251
4.0,1.0,decodable_unused,not_used,proposed_concept,proposed_concept,0.0,0.8438049316406251
4.0,1.0,negative,not_used,proposed_concept,proposed_concept,0.1844255070665098,0.8438049316406251
4.0,10.0,used,used,validated_concept,validated_concept,-30.59709446010541,8.43804931640625
4.0,10.0,decodable_unused,not_used,proposed_concept,proposed_concept,0.0,8.43804931640625
4.0,10.0,negative,not_used,proposed_concept,proposed_concept,1.844254891974119,8.43804931640625
4.0,100.0,used,used,validated_concept,validated_concept,-305.97094330739003,84.3804931640625
4.0,100.0,decodable_unused,not_used,proposed_concept,proposed_concept,0.0,84.3804931640625
4.0,100.0,negative,not_used,proposed_concept,proposed_concept,18.442550130941896,84.3804931640625
